{
  "project_info": {
    "project_number": "745190648347",
    "project_id": "rockettech-af55c",
    "storage_bucket": "rockettech-af55c.appspot.com"
  },
  "client": [
    {
      "client_info": {
        "mobilesdk_app_id": "1:745190648347:android:1d5ce6aa6df69131cda6be",
        "android_client_info": {
          "package_name": "app.bicast.rockettech"
        }
      },
      "oauth_client": [
        {
          "client_id": "745190648347-ij5pl2upkfefgnokhcgs6s9v3i13etkn.apps.googleusercontent.com",
          "client_type": 3
        }
      ],
      "api_key": [
        {
          "current_key": "AIzaSyDjgtUUq_a7xS24NsdLVtg3K5W0xdxU1y4"
        }
      ],
      "services": {
        "appinvite_service": {
          "other_platform_oauth_client": [
            {
              "client_id": "745190648347-ij5pl2upkfefgnokhcgs6s9v3i13etkn.apps.googleusercontent.com",
              "client_type": 3
            }
          ]
        }
      }
    }
  ],
  "configuration_version": "1"
}